"https://ss0.bdstatic.com/70cFuHSh_Q1YnxGkpoWK1HF6hhy/it/u=3475295125,1769284921&fm=26&gp=0.jpg"
"https://ss1.bdstatic.com/70cFvXSh_Q1YnxGkpoWK1HF6hhy/it/u=3138466847,3694675836&fm=26&gp=0.jpg"
"https://ss1.bdstatic.com/70cFuXSh_Q1YnxGkpoWK1HF6hhy/it/u=2828954953,1013278366&fm=26&gp=0.jpg"
"https://ss2.bdstatic.com/70cFvnSh_Q1YnxGkpoWK1HF6hhy/it/u=2200340310,1225499096&fm=26&gp=0.jpg"
"https://ss1.bdstatic.com/70cFuXSh_Q1YnxGkpoWK1HF6hhy/it/u=1565673256,3332266037&fm=26&gp=0.jpg"
"https://ss0.bdstatic.com/70cFuHSh_Q1YnxGkpoWK1HF6hhy/it/u=2454401485,3874394197&fm=26&gp=0.jpg"
"https://ss0.bdstatic.com/70cFuHSh_Q1YnxGkpoWK1HF6hhy/it/u=4178220034,825126850&fm=26&gp=0.jpg"
"https://ss1.bdstatic.com/70cFuXSh_Q1YnxGkpoWK1HF6hhy/it/u=2378875221,111432008&fm=26&gp=0.jpg"
"https://ss1.bdstatic.com/70cFvXSh_Q1YnxGkpoWK1HF6hhy/it/u=2836803898,3239753407&fm=26&gp=0.jpg"
"https://ss1.bdstatic.com/70cFvXSh_Q1YnxGkpoWK1HF6hhy/it/u=416100101,3315853106&fm=26&gp=0.jpg"
"https://ss1.bdstatic.com/70cFuXSh_Q1YnxGkpoWK1HF6hhy/it/u=427820390,1259944089&fm=26&gp=0.jpg"
"https://ss0.bdstatic.com/70cFvHSh_Q1YnxGkpoWK1HF6hhy/it/u=2230547806,63857306&fm=26&gp=0.jpg"
"https://ss2.bdstatic.com/70cFvnSh_Q1YnxGkpoWK1HF6hhy/it/u=1492130164,1659457558&fm=26&gp=0.jpg"
"https://ss0.bdstatic.com/70cFvHSh_Q1YnxGkpoWK1HF6hhy/it/u=1495338696,2168168610&fm=26&gp=0.jpg"
"https://ss3.bdstatic.com/70cFv8Sh_Q1YnxGkpoWK1HF6hhy/it/u=3025378244,1993303133&fm=26&gp=0.jpg"
"https://ss0.bdstatic.com/70cFuHSh_Q1YnxGkpoWK1HF6hhy/it/u=3600340032,1018087910&fm=26&gp=0.jpg"
"https://ss2.bdstatic.com/70cFvnSh_Q1YnxGkpoWK1HF6hhy/it/u=3906742746,1963386630&fm=26&gp=0.jpg"
"https://ss2.bdstatic.com/70cFvnSh_Q1YnxGkpoWK1HF6hhy/it/u=2789125577,2699268841&fm=26&gp=0.jpg"
"https://ss1.bdstatic.com/70cFuXSh_Q1YnxGkpoWK1HF6hhy/it/u=3225842265,3132181878&fm=26&gp=0.jpg"
"https://ss0.bdstatic.com/70cFuHSh_Q1YnxGkpoWK1HF6hhy/it/u=2813408016,3422946770&fm=26&gp=0.jpg"
"https://ss0.bdstatic.com/70cFuHSh_Q1YnxGkpoWK1HF6hhy/it/u=524861144,1037559500&fm=26&gp=0.jpg"
"https://ss0.bdstatic.com/70cFvHSh_Q1YnxGkpoWK1HF6hhy/it/u=1602304450,274548344&fm=26&gp=0.jpg"
"https://ss0.bdstatic.com/70cFuHSh_Q1YnxGkpoWK1HF6hhy/it/u=3433962407,3724833501&fm=26&gp=0.jpg"
"https://ss0.bdstatic.com/70cFuHSh_Q1YnxGkpoWK1HF6hhy/it/u=465540967,1875068631&fm=26&gp=0.jpg"
"https://ss2.bdstatic.com/70cFvnSh_Q1YnxGkpoWK1HF6hhy/it/u=3188750046,2669176716&fm=26&gp=0.jpg"
"https://ss1.bdstatic.com/70cFuXSh_Q1YnxGkpoWK1HF6hhy/it/u=2017086270,4282180785&fm=26&gp=0.jpg"
"https://ss2.bdstatic.com/70cFvnSh_Q1YnxGkpoWK1HF6hhy/it/u=4171686800,3373893766&fm=26&gp=0.jpg"
"https://ss1.bdstatic.com/70cFvXSh_Q1YnxGkpoWK1HF6hhy/it/u=130738119,174614914&fm=26&gp=0.jpg"
"https://ss3.bdstatic.com/70cFv8Sh_Q1YnxGkpoWK1HF6hhy/it/u=2394736768,1979254401&fm=26&gp=0.jpg"
"https://ss3.bdstatic.com/70cFv8Sh_Q1YnxGkpoWK1HF6hhy/it/u=3256768501,3979571580&fm=26&gp=0.jpg"
"https://ss0.bdstatic.com/70cFvHSh_Q1YnxGkpoWK1HF6hhy/it/u=3062494547,4183728251&fm=26&gp=0.jpg"
"https://ss3.bdstatic.com/70cFv8Sh_Q1YnxGkpoWK1HF6hhy/it/u=2154544762,3691696803&fm=26&gp=0.jpg"
"https://ss1.bdstatic.com/70cFvXSh_Q1YnxGkpoWK1HF6hhy/it/u=131182344,1032324055&fm=26&gp=0.jpg"
"https://ss3.bdstatic.com/70cFv8Sh_Q1YnxGkpoWK1HF6hhy/it/u=3127253682,3417181843&fm=26&gp=0.jpg"
"https://ss0.bdstatic.com/70cFuHSh_Q1YnxGkpoWK1HF6hhy/it/u=227300329,4082398027&fm=26&gp=0.jpg"
"https://ss1.bdstatic.com/70cFuXSh_Q1YnxGkpoWK1HF6hhy/it/u=2729471582,2654452123&fm=26&gp=0.jpg"
"https://ss0.bdstatic.com/70cFvHSh_Q1YnxGkpoWK1HF6hhy/it/u=2995938749,874978405&fm=26&gp=0.jpg"
"https://ss1.bdstatic.com/70cFuXSh_Q1YnxGkpoWK1HF6hhy/it/u=1854490707,1363150796&fm=26&gp=0.jpg"
"https://ss1.bdstatic.com/70cFuXSh_Q1YnxGkpoWK1HF6hhy/it/u=2214236456,2598650629&fm=26&gp=0.jpg"
"https://ss1.bdstatic.com/70cFvXSh_Q1YnxGkpoWK1HF6hhy/it/u=1965011393,3075967494&fm=26&gp=0.jpg"
"https://ss1.bdstatic.com/70cFuXSh_Q1YnxGkpoWK1HF6hhy/it/u=3097297970,2689019569&fm=26&gp=0.jpg"
"https://ss0.bdstatic.com/70cFuHSh_Q1YnxGkpoWK1HF6hhy/it/u=1505106015,3463206065&fm=26&gp=0.jpg"
"https://ss2.bdstatic.com/70cFvnSh_Q1YnxGkpoWK1HF6hhy/it/u=1428698320,1431699244&fm=26&gp=0.jpg"
"https://ss0.bdstatic.com/70cFuHSh_Q1YnxGkpoWK1HF6hhy/it/u=3155492248,459840288&fm=26&gp=0.jpg"
"https://ss0.bdstatic.com/70cFvHSh_Q1YnxGkpoWK1HF6hhy/it/u=186063188,4192671812&fm=26&gp=0.jpg"
"https://ss0.bdstatic.com/70cFvHSh_Q1YnxGkpoWK1HF6hhy/it/u=2313080416,264124532&fm=26&gp=0.jpg"
"https://ss1.bdstatic.com/70cFuXSh_Q1YnxGkpoWK1HF6hhy/it/u=1972013456,3046342849&fm=26&gp=0.jpg"
"https://ss2.bdstatic.com/70cFvnSh_Q1YnxGkpoWK1HF6hhy/it/u=1499999881,972798379&fm=26&gp=0.jpg"
"https://ss1.bdstatic.com/70cFuXSh_Q1YnxGkpoWK1HF6hhy/it/u=2624683053,3417691572&fm=26&gp=0.jpg"
"https://ss1.bdstatic.com/70cFuXSh_Q1YnxGkpoWK1HF6hhy/it/u=912909681,3212850860&fm=26&gp=0.jpg"
"https://ss3.bdstatic.com/70cFv8Sh_Q1YnxGkpoWK1HF6hhy/it/u=2881430315,1967658764&fm=26&gp=0.jpg"
"https://ss2.bdstatic.com/70cFvnSh_Q1YnxGkpoWK1HF6hhy/it/u=375071160,1337213840&fm=26&gp=0.jpg"
"https://ss3.bdstatic.com/70cFv8Sh_Q1YnxGkpoWK1HF6hhy/it/u=973388224,3501757245&fm=26&gp=0.jpg"
"https://ss3.bdstatic.com/70cFv8Sh_Q1YnxGkpoWK1HF6hhy/it/u=2724277384,2128970847&fm=26&gp=0.jpg"
"https://ss2.bdstatic.com/70cFvnSh_Q1YnxGkpoWK1HF6hhy/it/u=1983434444,3835141078&fm=26&gp=0.jpg"
"https://ss1.bdstatic.com/70cFvXSh_Q1YnxGkpoWK1HF6hhy/it/u=3623769412,873297853&fm=26&gp=0.jpg"
"https://ss2.bdstatic.com/70cFvnSh_Q1YnxGkpoWK1HF6hhy/it/u=1747564803,2545106957&fm=26&gp=0.jpg"
"https://ss0.bdstatic.com/70cFuHSh_Q1YnxGkpoWK1HF6hhy/it/u=526127189,2288638319&fm=26&gp=0.jpg"
"https://ss3.bdstatic.com/70cFv8Sh_Q1YnxGkpoWK1HF6hhy/it/u=3052855825,3510810684&fm=26&gp=0.jpg"
"https://ss0.bdstatic.com/70cFvHSh_Q1YnxGkpoWK1HF6hhy/it/u=273918858,1631833470&fm=26&gp=0.jpg"
"https://ss1.bdstatic.com/70cFuXSh_Q1YnxGkpoWK1HF6hhy/it/u=1153217721,4112193060&fm=26&gp=0.jpg"
"https://ss2.bdstatic.com/70cFvnSh_Q1YnxGkpoWK1HF6hhy/it/u=3228912904,4236963182&fm=26&gp=0.jpg"
"https://ss0.bdstatic.com/70cFuHSh_Q1YnxGkpoWK1HF6hhy/it/u=3284074120,485717784&fm=26&gp=0.jpg"
"https://ss3.bdstatic.com/70cFv8Sh_Q1YnxGkpoWK1HF6hhy/it/u=3491032749,2246718862&fm=26&gp=0.jpg"
"https://ss2.bdstatic.com/70cFvnSh_Q1YnxGkpoWK1HF6hhy/it/u=1169841246,3266335536&fm=26&gp=0.jpg"
"https://ss1.bdstatic.com/70cFuXSh_Q1YnxGkpoWK1HF6hhy/it/u=511088912,3800294935&fm=26&gp=0.jpg"
"https://ss0.bdstatic.com/70cFvHSh_Q1YnxGkpoWK1HF6hhy/it/u=3241126940,4130380886&fm=26&gp=0.jpg"
"https://ss1.bdstatic.com/70cFvXSh_Q1YnxGkpoWK1HF6hhy/it/u=1699704542,2240010827&fm=26&gp=0.jpg"
"https://ss0.bdstatic.com/70cFuHSh_Q1YnxGkpoWK1HF6hhy/it/u=2409027189,3415408313&fm=26&gp=0.jpg"
"https://ss1.bdstatic.com/70cFvXSh_Q1YnxGkpoWK1HF6hhy/it/u=1447216717,3925542238&fm=26&gp=0.jpg"
"https://ss0.bdstatic.com/70cFuHSh_Q1YnxGkpoWK1HF6hhy/it/u=2090607815,2981095569&fm=26&gp=0.jpg"
"https://ss3.bdstatic.com/70cFv8Sh_Q1YnxGkpoWK1HF6hhy/it/u=1080837672,3366812893&fm=26&gp=0.jpg"
"https://ss0.bdstatic.com/70cFvHSh_Q1YnxGkpoWK1HF6hhy/it/u=670556721,2133152823&fm=11&gp=0.jpg"
"https://ss1.bdstatic.com/70cFuXSh_Q1YnxGkpoWK1HF6hhy/it/u=1158053594,3623134585&fm=26&gp=0.jpg"
"https://ss1.bdstatic.com/70cFuXSh_Q1YnxGkpoWK1HF6hhy/it/u=2555173342,2560288199&fm=26&gp=0.jpg"
"https://ss1.bdstatic.com/70cFuXSh_Q1YnxGkpoWK1HF6hhy/it/u=2833625505,4030861134&fm=26&gp=0.jpg"
"https://ss1.bdstatic.com/70cFvXSh_Q1YnxGkpoWK1HF6hhy/it/u=895058340,3838929401&fm=26&gp=0.jpg"
"https://ss1.bdstatic.com/70cFuXSh_Q1YnxGkpoWK1HF6hhy/it/u=110026891,676645336&fm=26&gp=0.jpg"
"https://ss1.bdstatic.com/70cFuXSh_Q1YnxGkpoWK1HF6hhy/it/u=3252687523,1867581470&fm=26&gp=0.jpg"
"https://ss0.bdstatic.com/70cFvHSh_Q1YnxGkpoWK1HF6hhy/it/u=1152967465,1586869037&fm=26&gp=0.jpg"
"https://ss0.bdstatic.com/70cFuHSh_Q1YnxGkpoWK1HF6hhy/it/u=364378654,674202132&fm=26&gp=0.jpg"
"https://ss0.bdstatic.com/70cFuHSh_Q1YnxGkpoWK1HF6hhy/it/u=3643725900,3300071408&fm=15&gp=0.jpg"
"https://ss1.bdstatic.com/70cFuXSh_Q1YnxGkpoWK1HF6hhy/it/u=415032694,4284526235&fm=26&gp=0.jpg"
"https://ss2.bdstatic.com/70cFvnSh_Q1YnxGkpoWK1HF6hhy/it/u=927827853,2355553481&fm=26&gp=0.jpg"
"https://ss0.bdstatic.com/70cFvHSh_Q1YnxGkpoWK1HF6hhy/it/u=2337448875,1924458411&fm=15&gp=0.jpg"
"https://ss1.bdstatic.com/70cFvXSh_Q1YnxGkpoWK1HF6hhy/it/u=1866415912,1537759497&fm=26&gp=0.jpg"
"https://ss0.bdstatic.com/70cFvHSh_Q1YnxGkpoWK1HF6hhy/it/u=1385368032,3974377042&fm=26&gp=0.jpg"
"https://ss0.bdstatic.com/70cFuHSh_Q1YnxGkpoWK1HF6hhy/it/u=1065455626,2464231908&fm=15&gp=0.jpg"
"https://ss1.bdstatic.com/70cFuXSh_Q1YnxGkpoWK1HF6hhy/it/u=1103637513,597694490&fm=15&gp=0.jpg"
"https://ss0.bdstatic.com/70cFuHSh_Q1YnxGkpoWK1HF6hhy/it/u=2737969534,2402473672&fm=26&gp=0.jpg"
"https://ss1.bdstatic.com/70cFvXSh_Q1YnxGkpoWK1HF6hhy/it/u=3556086522,3865917491&fm=11&gp=0.jpg"
"https://ss1.bdstatic.com/70cFuXSh_Q1YnxGkpoWK1HF6hhy/it/u=511359786,3915815151&fm=11&gp=0.jpg"
"https://ss0.bdstatic.com/70cFvHSh_Q1YnxGkpoWK1HF6hhy/it/u=3663990150,3755599342&fm=15&gp=0.jpg"
"https://ss3.bdstatic.com/70cFv8Sh_Q1YnxGkpoWK1HF6hhy/it/u=3256841677,3419193888&fm=26&gp=0.jpg"
"https://ss3.bdstatic.com/70cFv8Sh_Q1YnxGkpoWK1HF6hhy/it/u=3989415656,1420827119&fm=15&gp=0.jpg"
"https://ss0.bdstatic.com/70cFvHSh_Q1YnxGkpoWK1HF6hhy/it/u=1723020771,4171039375&fm=26&gp=0.jpg"
"https://ss0.bdstatic.com/70cFvHSh_Q1YnxGkpoWK1HF6hhy/it/u=840643652,372346600&fm=15&gp=0.jpg"
"https://ss0.bdstatic.com/70cFuHSh_Q1YnxGkpoWK1HF6hhy/it/u=901850620,4023363304&fm=26&gp=0.jpg"
"https://ss3.bdstatic.com/70cFv8Sh_Q1YnxGkpoWK1HF6hhy/it/u=228178283,3766850842&fm=26&gp=0.jpg"
"https://ss1.bdstatic.com/70cFvXSh_Q1YnxGkpoWK1HF6hhy/it/u=2610798318,374896345&fm=26&gp=0.jpg"
"https://ss0.bdstatic.com/70cFvHSh_Q1YnxGkpoWK1HF6hhy/it/u=3757054073,1148361431&fm=26&gp=0.jpg"
"https://ss1.bdstatic.com/70cFuXSh_Q1YnxGkpoWK1HF6hhy/it/u=2504187543,249226844&fm=26&gp=0.jpg"
"https://ss0.bdstatic.com/70cFvHSh_Q1YnxGkpoWK1HF6hhy/it/u=918528131,843090397&fm=26&gp=0.jpg"
"https://ss0.bdstatic.com/70cFuHSh_Q1YnxGkpoWK1HF6hhy/it/u=3308305623,98264095&fm=26&gp=0.jpg"
"https://ss0.bdstatic.com/70cFvHSh_Q1YnxGkpoWK1HF6hhy/it/u=1730308806,3440037952&fm=26&gp=0.jpg"
"https://ss0.bdstatic.com/70cFvHSh_Q1YnxGkpoWK1HF6hhy/it/u=2357970331,577865393&fm=26&gp=0.jpg"
"https://ss3.bdstatic.com/70cFv8Sh_Q1YnxGkpoWK1HF6hhy/it/u=1759623308,2635691489&fm=26&gp=0.jpg"
"https://ss2.bdstatic.com/70cFvnSh_Q1YnxGkpoWK1HF6hhy/it/u=65604717,1336125053&fm=26&gp=0.jpg"
"https://ss1.bdstatic.com/70cFvXSh_Q1YnxGkpoWK1HF6hhy/it/u=1549144199,1485904856&fm=26&gp=0.jpg"
"https://ss2.bdstatic.com/70cFvnSh_Q1YnxGkpoWK1HF6hhy/it/u=1491178209,3141653799&fm=26&gp=0.jpg"
"https://ss3.bdstatic.com/70cFv8Sh_Q1YnxGkpoWK1HF6hhy/it/u=4002206763,2835595642&fm=26&gp=0.jpg"
"https://ss1.bdstatic.com/70cFuXSh_Q1YnxGkpoWK1HF6hhy/it/u=653045989,1363524628&fm=26&gp=0.jpg"
"https://ss0.bdstatic.com/70cFvHSh_Q1YnxGkpoWK1HF6hhy/it/u=3548792614,1459507644&fm=26&gp=0.jpg"
